,City,Country,Date,Cloudiness,Humidity,Latitude,Longitude,Max Temp,Wind Speed
273,shimoda,JP,1586640670,75,87,34.67,138.95,51.01,3.36
540,leningradskiy,RU,1586640700,94,87,69.38,178.42,12.81,3.98
473,opotiki,NZ,1586641000,32,93,-38.08,177.28,55.0,3.0
123,merauke,ID,1586640971,73,89,-8.47,140.33,77.41,7.54
325,ulety,RU,1586640987,0,46,51.36,112.48,39.42,3.29
214,khatanga,RU,1586640675,32,93,71.97,102.5,-1.05,8.01
69,hilo,US,1586640557,1,69,19.73,-155.09,80.6,8.05
405,ridgecrest,US,1586640994,1,37,35.62,-117.67,73.99,6.67
549,bonavista,CA,1586640674,25,76,48.65,-53.11,36.0,15.99
257,vanavara,RU,1586640682,0,95,60.34,102.28,25.45,3.31
381,zaranj,AF,1586640991,83,72,30.97,61.88,66.2,4.7
149,polewali,ID,1586640972,100,74,-3.43,119.34,75.24,2.86
74,nanortalik,GL,1586640664,100,72,60.14,-45.24,37.58,28.25
432,varca,IN,1586640997,20,83,15.22,73.92,82.4,2.24
334,zyryanskoye,RU,1586640988,5,96,56.83,86.63,29.98,4.68
48,pringsewu,ID,1586640965,65,89,-5.36,104.97,74.89,1.74
297,marienburg,PL,1586640984,100,45,54.04,19.03,46.99,6.93
545,ullapool,GB,1586640783,100,87,57.9,-5.16,48.0,7.0
24,katsuura,JP,1586640685,75,93,35.13,140.3,50.0,13.87
34,mar del plata,AR,1586640575,37,60,-38.0,-57.56,68.0,9.17
51,callaway,US,1586640691,1,43,30.15,-85.57,75.0,10.29
446,edd,ER,1586640998,36,75,13.93,41.69,80.37,9.24
107,sept-iles,CA,1586640948,75,30,50.2,-66.38,42.8,17.22
300,tautira,PF,1586640705,100,62,-17.73,-149.15,87.8,3.36
482,olafsvik,IS,1586640659,60,79,64.89,-23.71,37.24,28.39
176,tiksi,RU,1586640670,37,93,71.69,128.87,13.08,17.74
403,varhaug,NO,1586640993,75,93,58.61,5.65,46.4,8.05
539,churu,IN,1586641006,1,27,28.3,74.95,82.94,8.01
1,rio cuarto,AR,1586640944,45,46,-33.13,-64.35,73.4,16.11
311,redmond,US,1586640728,90,58,47.67,-122.12,59.0,3.36
57,nantucket,US,1586640691,1,49,41.28,-70.1,53.6,23.04
511,camana,PE,1586640667,86,75,-16.62,-72.71,73.8,7.4
163,iqaluit,CA,1586640974,75,79,63.75,-68.51,23.0,16.11
356,evensk,RU,1586640706,100,89,61.95,159.23,8.92,4.0
333,chotila,IN,1586640953,29,27,22.42,71.18,83.68,8.61
326,manavalakurichi,IN,1586640987,20,78,8.13,77.3,82.4,3.36
139,namtsy,RU,1586640697,40,64,62.72,129.67,33.8,6.71
505,nhulunbuy,AU,1586641003,42,80,-12.23,136.77,82.04,10.2
215,beringovskiy,RU,1586640978,98,94,63.05,179.32,11.26,10.49
532,marrakesh,MA,1586641005,40,68,31.63,-8.01,64.4,9.17
517,zachary,US,1586640821,1,44,30.65,-91.16,82.0,5.82
457,moose factory,CA,1586640999,75,51,51.26,-80.61,35.6,4.7
434,maceio,BR,1586640821,20,83,-9.67,-35.74,80.6,8.05
346,sisimiut,GL,1586640484,96,79,66.94,-53.67,35.49,6.69
232,namatanai,PG,1586640688,100,76,-3.67,152.43,82.02,3.67
506,marsh harbour,BS,1586640913,10,76,26.54,-77.06,74.23,15.21
152,maputo,MZ,1586640953,0,83,-25.97,32.59,75.2,10.29
299,tartus,SY,1586640904,40,87,34.89,35.89,57.2,5.82
53,bathsheba,BB,1586640692,20,65,13.22,-59.52,82.4,12.75
413,port maria,JM,1586640995,20,63,18.37,-76.89,91.4,13.87
527,buchanan,LR,1586641005,45,85,5.88,-10.05,80.04,3.49
404,panalingaan,PH,1586640994,0,79,8.78,117.42,80.53,1.77
81,nokaneng,BW,1586640967,78,46,-19.67,22.27,73.45,5.28
31,port elizabeth,ZA,1586640673,89,63,-33.92,25.57,62.6,6.93
89,la ronge,CA,1586640684,75,52,55.1,-105.28,19.4,18.34
201,lompoc,US,1586640675,20,67,34.64,-120.46,72.0,17.22
141,mount gambier,AU,1586640684,90,62,-37.83,140.77,53.6,8.05
306,asau,RO,1586640986,59,48,46.43,26.4,45.0,1.7
382,isla mujeres,MX,1586640992,20,62,21.23,-86.73,86.0,17.22
408,tiznit,MA,1586640994,99,70,29.58,-9.5,59.23,3.91
251,auki,SB,1586640692,95,75,-8.77,160.7,82.22,3.4
25,hithadhoo,MV,1586640674,0,65,-0.6,73.08,84.56,6.38
236,sao francisco do sul,BR,1586640980,24,70,-26.24,-48.64,69.01,5.93
32,pisco,PE,1586640705,0,30,-13.7,-76.22,75.0,5.82
160,kuala terengganu,MY,1586640974,20,88,5.33,103.14,80.6,4.7
55,soto la marina,MX,1586640965,71,47,23.77,-98.22,94.12,13.4
279,inhapim,BR,1586640983,2,80,-19.55,-42.12,71.47,1.72
52,black river,JM,1586640965,20,79,18.03,-77.85,86.0,10.29
525,fonte boa,BR,1586641005,100,94,-2.5,-66.27,76.17,6.17
85,norman wells,CA,1586640661,40,54,65.28,-126.83,28.4,11.41
41,butaritari,KI,1586640655,95,76,3.07,172.79,83.98,13.35
239,saint anthony,US,1586640697,1,21,45.02,-93.22,61.0,3.36
207,narsaq,GL,1586640700,100,36,60.92,-46.05,44.6,39.15
260,paez,CO,1586640981,92,50,5.1,-73.05,74.08,2.28
132,imbituba,BR,1586640971,40,64,-28.24,-48.67,69.8,9.17
425,niquelandia,BR,1586640690,100,75,-14.47,-48.46,73.38,0.87
182,quelimane,MZ,1586640704,20,88,-17.88,36.89,75.2,0.63
165,hof,DE,1586640974,1,65,50.32,11.92,48.0,1.86
116,torbay,CA,1586640666,75,59,47.67,-52.73,39.0,29.97
321,rio grande,BR,1586640394,20,60,-32.03,-52.1,73.4,8.05
308,margate,GB,1586640839,34,81,51.38,1.39,60.01,3.36
99,solvychegodsk,RU,1586640968,100,95,61.33,46.92,25.3,2.75
203,kaitangata,NZ,1586640672,92,62,-46.28,169.85,56.61,8.95
122,nikolskoye,RU,1586640681,5,92,59.7,30.79,30.2,4.47
158,kuzino,RU,1586640974,78,82,57.02,59.44,33.73,4.0
323,codrington,AU,1586640676,98,71,-38.27,141.97,53.02,11.23
35,albany,US,1586640500,75,34,42.6,-73.97,50.0,14.99
145,conceicao da barra,BR,1586640915,79,85,-18.59,-39.73,78.4,10.92
314,nzerekore,GN,1586640986,22,70,7.76,-8.82,75.16,1.99
414,bengkulu,ID,1586640673,37,81,-3.8,102.27,78.55,3.58
238,ponta do sol,PT,1586640690,75,67,32.67,-17.1,62.6,14.99
124,makurdi,NG,1586640971,94,66,7.74,8.51,80.96,5.55
399,vytegra,RU,1586640993,0,92,61.01,36.45,27.32,2.84
283,henties bay,NA,1586640686,5,73,-22.12,14.28,73.0,5.73
262,innisfail,AU,1586640981,79,97,-17.53,146.03,68.0,3.53
492,krasnoshchekovo,RU,1586641001,0,79,51.67,82.73,34.39,3.67
40,kumluca,TR,1586640964,0,46,36.37,30.29,61.56,5.3
253,conway,US,1586640939,90,55,35.09,-92.44,68.0,8.05
319,netivot,IL,1586640987,3,78,31.42,34.59,57.0,2.35
355,lorengau,PG,1586640682,58,75,-2.02,147.27,82.27,1.25
386,purpe,RU,1586640992,100,83,64.48,76.69,34.0,18.16
503,kyabe,TD,1586641002,99,46,9.45,18.94,84.4,7.9
230,mushie,CD,1586640979,93,81,-3.02,16.9,75.52,1.88
199,yumen,CN,1586640652,100,23,40.28,97.2,45.43,5.01
233,tadine,NC,1586640701,0,70,-21.55,167.88,77.29,5.73
14,salalah,OM,1586640677,40,74,17.02,54.09,82.4,9.17
379,kingaroy,AU,1586640991,0,81,-26.53,151.83,50.0,4.7
350,sobolevo,RU,1586640677,0,82,54.43,31.9,32.41,5.91
225,guaratinga,BR,1586640978,75,78,-16.57,-39.57,80.6,5.82
252,vostok,RU,1586640702,69,89,46.49,135.88,24.33,2.98
377,krasnovishersk,RU,1586640991,100,92,60.41,57.08,32.92,2.86
401,kirakira,SB,1586640683,95,77,-10.45,161.92,82.42,6.38
164,totness,SR,1586640974,100,72,5.88,-56.32,81.1,12.68
194,hami,CN,1586640676,54,21,42.8,93.45,54.34,4.45
449,panaba,MX,1586640998,0,21,21.28,-88.27,100.9,11.56
157,letlhakeng,BW,1586640974,9,45,-24.09,25.03,65.93,4.0
186,sungairaya,ID,1586640976,86,89,0.7,108.9,76.57,6.04
4,parsabad,IR,1586640960,75,81,39.65,47.92,51.8,4.7
179,santa ines,BR,1586640975,32,91,-3.67,-45.38,79.32,3.4
128,isangel,VU,1586640971,20,94,-19.55,169.27,71.6,6.15
515,karaidel,RU,1586641004,100,82,55.83,56.91,37.24,4.81
547,waingapu,ID,1586640687,53,77,-9.66,120.26,77.94,5.7
166,constitucion,CL,1586640703,60,65,-35.33,-72.42,60.35,13.62
274,mayumba,GA,1586640706,98,85,-3.43,10.66,78.85,10.18
222,pafos,CY,1586640750,20,81,34.77,32.42,60.8,8.05
142,yulara,AU,1586640667,100,28,-25.24,130.99,57.2,6.93
293,ayan,RU,1586640658,0,91,56.45,138.17,30.15,9.06
495,sistranda,NO,1586641002,75,93,63.73,8.83,41.0,11.41
435,gumdag,TM,1586640997,0,56,39.21,54.59,55.85,8.39
488,toamasina,MG,1586641001,10,82,-18.17,49.38,76.15,7.0
156,lindi,TZ,1586640973,75,94,-10.0,39.72,75.2,6.93
144,te anau,NZ,1586640676,56,67,-45.42,167.72,55.45,5.06
79,banjar,ID,1586640687,40,88,-8.19,114.97,80.6,4.7
178,suclayin,PH,1586640975,26,78,15.76,121.55,75.81,0.98
103,ribeira grande,PT,1586640672,20,77,38.52,-28.7,62.6,3.36
376,hambantota,LK,1586640991,26,81,6.12,81.12,80.82,10.56
415,dudinka,RU,1586640995,75,80,69.41,86.18,35.6,29.08
23,linhares,BR,1586640962,3,88,-19.39,-40.07,74.93,4.63
88,labuan,MY,1586640967,75,100,5.28,115.24,80.6,1.25
101,cap malheureux,MU,1586640684,40,83,-19.98,57.61,77.0,11.41
456,honiara,SB,1586640387,75,83,-9.43,159.95,80.6,3.36
20,pangnirtung,CA,1586640962,100,89,66.15,-65.71,26.82,3.42
348,qui nhon,VN,1586640989,100,84,13.77,109.23,77.86,0.87
44,mataura,NZ,1586640666,100,65,-46.19,168.86,57.0,4.0
534,husavik,IS,1586640689,75,69,66.04,-17.34,33.8,28.86
96,acapulco,MX,1586640463,40,74,16.86,-99.89,84.2,9.17
296,thinadhoo,MV,1586640984,0,61,0.53,72.93,84.15,3.91
37,itarema,BR,1586640688,100,84,-2.92,-39.92,80.35,6.38
287,college,US,1586640609,75,41,64.86,-147.8,41.0,6.93
181,manubul,PH,1586640976,39,67,5.47,120.8,82.65,2.1
324,kedrovyy,RU,1586640987,0,79,56.17,91.82,23.0,2.24
500,odienne,CI,1586641002,61,41,9.51,-7.57,86.52,7.27
295,boali,CF,1586640984,20,94,4.8,18.13,73.4,5.91
190,makubetsu,JP,1586640976,39,87,45.37,141.82,32.85,8.43
420,saravan,AM,1586640996,75,81,39.72,45.65,48.2,4.7
240,broome,US,1586640685,20,33,42.25,-75.83,48.0,11.41
422,vastseliina,EE,1586640996,58,80,57.73,27.29,30.2,4.79
211,dawlatabad,AF,1586640977,100,44,36.41,64.91,70.23,7.56
26,port alfred,ZA,1586640670,77,91,-33.59,26.89,68.0,5.23
375,varna,BG,1586640991,32,56,43.22,27.92,42.8,2.24
6,kutum,SD,1586640687,9,15,14.2,24.67,69.69,9.73
127,revda,RU,1586640971,87,60,56.8,59.93,41.0,4.47
54,hovd,MN,1586640651,100,39,48.01,91.64,38.35,1.74
444,howard springs,AU,1586640998,74,78,-12.5,131.05,79.0,8.05
513,acarau,BR,1586641004,100,85,-2.89,-40.12,79.88,5.86
137,komsomolskiy,UZ,1586640692,90,76,40.43,71.72,53.6,4.7
342,koslan,RU,1586640989,86,93,63.46,48.9,20.91,1.79
78,vigeland,NO,1586640675,100,100,58.08,7.3,45.0,5.82
484,aksu,CN,1586641001,99,20,41.12,80.26,57.85,2.48
219,lavrentiya,RU,1586640672,94,98,65.58,-171.0,31.35,11.3
286,aksarka,RU,1586640983,0,91,66.56,67.8,10.72,4.45
423,cervignano del friuli,IT,1586640996,5,38,45.82,13.34,60.8,2.66
120,illapel,CL,1586640970,99,47,-31.63,-71.17,68.67,6.73
397,manzil kamil,TN,1586640993,22,72,35.62,10.67,64.99,8.05
192,alice springs,AU,1586640670,5,23,-23.7,133.88,57.2,5.82
388,masvingo,ZW,1586640992,23,51,-20.06,30.83,61.41,2.28
276,parbhani,IN,1586640982,0,19,19.27,76.78,81.09,4.99
519,boysun,UZ,1586641004,85,45,38.21,67.2,54.45,5.46
17,beloha,MG,1586640656,89,72,-25.17,45.05,73.58,10.85
146,banff,CA,1586640972,100,69,51.18,-115.57,23.0,11.01
281,ushirombo,TZ,1586640983,5,66,-3.49,31.96,65.86,3.69
528,silca,HN,1586641005,100,17,14.83,-86.53,95.32,7.38
8,bluff,NZ,1586640656,100,65,-46.6,168.33,57.0,4.0
33,ukiah,US,1586640781,1,56,39.15,-123.21,70.0,4.9
19,emerald,AU,1586640676,0,45,-23.53,148.17,68.0,5.44
140,rawson,AR,1586640676,0,30,-43.3,-65.1,62.74,14.14
95,tasiilaq,GL,1586640663,72,39,65.61,-37.64,30.2,13.87
307,san patricio,MX,1586640657,40,74,19.22,-104.7,86.0,23.04
227,meix-devant-virton,BE,1586640979,4,51,49.62,5.48,59.0,5.82
384,halifax,CA,1586640816,90,60,44.65,-63.57,43.0,12.75
462,arona,ES,1586640999,75,72,28.1,-16.68,68.0,18.34
104,souillac,MU,1586640663,40,83,-20.52,57.52,77.0,11.41
87,cherskiy,RU,1586640662,100,96,68.75,161.3,13.78,12.44
309,evanston,US,1586640986,90,27,42.04,-87.69,64.4,11.41
357,tondano,ID,1586640990,20,94,1.3,124.91,73.4,2.24
389,leshukonskoye,RU,1586640992,94,97,64.9,45.76,23.07,3.69
548,vega de alatorre,MX,1586641006,53,81,20.03,-96.63,83.34,9.46
38,amroha,IN,1586640964,0,27,28.92,78.47,77.47,7.52
336,shache,CN,1586640678,100,19,38.42,77.24,58.37,2.51
510,ales,FR,1586641003,0,76,44.13,4.08,53.6,1.12
47,strezhevoy,RU,1586640965,99,97,60.73,77.59,39.2,2.24
290,laguna,US,1586640984,40,68,38.42,-121.42,70.0,8.05
372,alamos,MX,1586640991,0,44,27.02,-108.93,75.0,8.99
206,oakdale,US,1586640929,1,21,44.96,-92.96,61.0,4.7
362,poitiers,FR,1586640969,2,54,46.58,0.33,59.0,4.7
393,sao joao da barra,BR,1586640498,90,94,-21.64,-41.05,71.6,14.99
267,tual,ID,1586640663,83,70,-5.67,132.75,83.46,0.98
305,avera,US,1586640675,1,31,33.19,-82.53,75.99,5.82
451,boca do acre,BR,1586640998,100,81,-8.75,-67.4,81.99,2.15
351,alofi,NU,1586640585,97,65,-19.06,-169.92,82.4,10.29
302,nunoa,PE,1586640985,66,12,-14.48,-70.64,57.81,10.58
412,miami lakes,US,1586640995,90,69,25.91,-80.31,82.4,14.99
171,leh,IN,1586640689,5,18,34.17,77.58,32.61,1.79
15,noumea,NC,1586640897,31,73,-22.28,166.46,75.99,3.36
520,lagoa,PT,1586640697,0,75,39.05,-27.98,61.66,10.47
407,kavieng,PG,1586640673,99,73,-2.57,150.8,83.55,4.92
2,chuy,UY,1586640652,33,66,-33.7,-53.46,65.95,7.0
522,broken hill,AU,1586641004,0,70,-31.95,141.43,42.8,4.7
148,upernavik,GL,1586640659,100,89,72.79,-56.15,20.88,0.98
440,san quintin,MX,1586640704,9,65,30.48,-115.95,62.71,16.91
29,shingu,JP,1586640963,100,63,33.73,135.98,50.92,6.67
256,prescott,US,1586640863,75,57,34.54,-112.47,63.0,9.17
246,badiraguato,MX,1586640980,75,32,25.37,-107.52,84.99,4.7
60,mildura,AU,1586640965,0,81,-34.2,142.15,42.8,5.82
247,rundu,NA,1586640980,91,77,-17.93,19.77,69.8,2.24
180,sabha,LY,1586640668,0,20,27.04,14.43,72.25,12.28
185,luderitz,NA,1586640659,0,93,-26.65,15.16,57.2,1.12
118,durban,ZA,1586640891,90,94,-29.86,31.03,68.0,1.12
380,garlasco,IT,1586640991,0,25,45.2,8.92,64.0,5.82
436,puerto leguizamo,CO,1586640997,53,69,-0.19,-74.78,85.28,0.83
150,shubarshi,KZ,1586640972,5,57,48.59,57.19,42.96,8.05
234,marzuq,YE,1586640979,1,47,14.4,46.47,73.2,3.76
259,thompson,CA,1586640674,90,73,55.74,-97.86,24.8,9.17
18,chepareria,KE,1586640961,16,39,1.31,35.2,65.1,2.06
341,novyy urgal,RU,1586640988,0,84,51.07,132.56,32.0,2.08
486,luan,CH,1586641001,27,41,46.36,6.98,59.0,3.69
453,hervey bay,AU,1586640998,40,72,-25.3,152.85,70.0,6.73
77,pacific grove,US,1586640734,90,67,36.62,-121.92,68.0,8.05
424,bukachacha,RU,1586640996,0,54,52.98,116.92,36.46,1.45
288,abalak,RU,1586640983,76,89,58.13,68.59,36.19,4.43
426,marovoay,MG,1586640996,40,71,-16.1,46.63,76.51,6.42
68,punta arenas,CL,1586640533,65,61,-53.15,-70.92,48.2,14.99
22,pochutla,MX,1586640703,75,49,15.74,-96.47,93.99,14.99
390,dakar,SN,1586640866,0,83,14.69,-17.44,75.2,4.7
106,vaini,TO,1586640669,20,69,-21.2,-175.2,78.8,4.7
478,muzaffarabad,PK,1586641000,35,31,34.37,73.47,63.57,8.37
370,boyolangu,ID,1586640991,78,82,-8.12,111.89,75.99,2.37
498,mocajuba,BR,1586640729,45,83,-2.58,-49.51,80.91,3.0
187,yellowknife,CA,1586640617,40,57,62.46,-114.35,19.0,16.11
329,chignahuapan,MX,1586640988,10,21,19.83,-98.03,75.99,2.06
197,ishikari,JP,1586640976,40,74,43.24,141.35,30.2,4.7
168,fortuna,US,1586640678,75,87,40.6,-124.16,59.0,17.22
62,arraial do cabo,BR,1586640679,75,83,-22.97,-42.03,71.6,5.82
331,okoneshnikovo,RU,1586640988,38,70,54.84,75.08,41.14,5.75
221,samarai,PG,1586640702,92,68,-10.62,150.67,79.29,1.79
508,kalmunai,LK,1586641003,1,77,7.42,81.82,81.41,4.36
263,meulaboh,ID,1586640694,48,79,4.14,96.13,80.24,0.45
455,berlevag,NO,1586640698,79,90,70.86,29.09,25.02,3.24
205,riyadh,SA,1586640696,75,31,24.69,46.72,75.2,5.82
430,turukhansk,RU,1586640687,100,94,65.82,87.98,34.59,18.48
65,longyearbyen,SJ,1586640378,20,70,78.22,15.64,-5.8,3.36
318,horadiz,AZ,1586640987,75,81,39.45,47.34,51.8,4.7
76,andenes,NO,1586640967,100,86,69.31,16.12,30.2,8.05
521,buala,SB,1586641004,98,77,-8.14,159.59,82.81,7.56
441,amboasary,MG,1586640997,84,87,-25.03,46.38,70.68,5.3
493,savonlinna,FI,1586641001,5,92,61.87,28.88,25.0,1.12
366,harindanga,IN,1586640990,20,69,22.04,88.32,75.2,3.36
151,vallenar,CL,1586640972,94,33,-28.57,-70.76,73.99,8.03
524,esil,KZ,1586640686,100,73,51.96,66.4,42.12,11.9
21,piacenza,IT,1586640962,0,25,45.05,9.7,64.0,5.82
64,esperance,AU,1586640689,98,60,-33.87,121.9,69.8,18.34
278,daliao,PH,1586640983,13,72,5.86,124.95,78.12,4.32
523,ilo,PE,1586640686,67,75,-17.64,-71.34,73.4,7.31
354,bandarbeyla,SO,1586640989,16,73,9.49,50.81,81.72,10.22
7,soldotna,US,1586640960,1,34,60.49,-151.06,37.4,8.05
301,maun,BW,1586640985,35,88,-19.98,23.42,71.6,2.24
343,rio hato,PA,1586640989,81,80,8.38,-80.17,91.99,13.49
344,san carlos de bariloche,AR,1586640530,0,37,-41.15,-71.31,55.4,16.11
298,brownsburg,US,1586640985,1,23,39.84,-86.4,64.0,8.05
56,hamilton,US,1586640698,75,25,39.18,-84.53,63.0,9.17
487,yazd,IR,1586640999,40,31,31.9,54.37,73.4,13.87
0,atuona,PF,1586640665,64,68,-9.8,-139.03,82.8,7.47
94,harper,LR,1586640672,97,80,4.38,-7.72,81.25,4.03
418,mareeba,AU,1586640996,75,88,-17.0,145.43,75.2,1.77
304,hastings,GB,1586640985,5,81,50.86,0.57,59.0,3.36
315,tulagi,SB,1586640986,75,83,-9.1,160.15,80.6,3.36
361,kaputa,ZM,1586640990,79,68,-8.47,29.66,67.62,3.56
147,east london,ZA,1586640656,94,67,-33.02,27.91,74.39,3.02
108,astana,KZ,1586640688,100,52,51.18,71.45,42.8,15.66
30,jamestown,US,1586640652,1,48,42.1,-79.24,48.0,14.99
496,baghdad,IQ,1586640955,24,42,33.34,44.4,64.4,2.24
231,talnakh,RU,1586640694,75,80,69.49,88.4,35.6,29.08
410,torrington,US,1586640994,40,33,41.8,-73.12,54.0,9.17
285,purranque,CL,1586640836,10,47,-40.92,-73.17,59.0,6.93
340,vera cruz,BR,1586640988,95,76,-12.63,-41.03,73.9,3.53
530,brownsville,US,1586640710,40,62,25.9,-97.5,87.8,18.34
310,kahului,US,1586640676,75,65,20.89,-156.47,78.8,9.17
538,caravelas,BR,1586640683,62,85,-17.71,-39.25,79.21,11.05
327,kalat,PK,1586640987,9,27,29.02,66.59,59.67,1.7
59,paamiut,GL,1586640702,100,86,61.99,-49.67,35.24,2.39
70,hermanus,ZA,1586640665,100,61,-34.42,19.23,71.01,10.0
339,mitsamiouli,KM,1586640988,22,75,-11.38,43.28,83.77,9.31
136,srednekolymsk,RU,1586640692,90,96,67.45,153.68,21.49,11.16
337,petropavlovsk-kamchatskiy,RU,1586640988,40,74,53.05,158.65,28.4,2.24
61,kudahuvadhoo,MV,1586640966,8,63,2.67,72.89,84.69,4.92
402,mount isa,AU,1586640653,7,22,-20.73,139.5,68.0,8.05
352,banda aceh,ID,1586640685,46,80,5.56,95.32,80.22,3.96
255,marystown,CA,1586640693,73,89,47.17,-55.15,33.8,21.05
254,wanning,CN,1586640981,98,90,18.8,110.4,74.97,3.85
217,phan thiet,VN,1586640978,61,83,10.93,108.1,78.21,4.16
475,san cristobal,VE,1586640696,40,38,7.77,-72.22,93.2,20.8
481,koping,SE,1586641000,100,70,59.51,15.99,44.6,10.29
245,ust-maya,RU,1586640980,100,96,60.42,134.53,25.93,2.53
162,axim,GH,1586640974,60,83,4.87,-2.24,81.23,6.17
189,tacuarembo,UY,1586640976,7,58,-31.73,-55.98,68.25,8.7
272,tab,HU,1586640982,18,70,46.73,18.03,48.2,6.93
91,avarua,CK,1586640655,96,83,-21.21,-159.78,84.2,5.82
204,umm lajj,SA,1586640787,1,51,25.02,37.27,69.55,7.45
328,sinnamary,GF,1586640987,100,75,5.38,-52.95,80.46,13.2
92,qaanaaq,GL,1586640662,91,75,77.48,-69.36,14.05,2.35
209,yarmouth,US,1586640977,20,29,41.71,-70.23,53.01,9.17
494,kasongo,CD,1586641002,100,77,-4.45,26.67,72.43,4.68
447,dongsheng,CN,1586640998,0,36,39.82,109.98,34.84,3.58
477,rafai,CF,1586641000,100,83,4.95,23.92,71.13,1.74
490,listvyagi,RU,1586641001,37,88,53.68,86.95,31.77,3.65
458,sinegorskiy,RU,1586640999,31,68,48.01,40.84,40.53,7.0
119,whitecourt,CA,1586640970,40,33,54.15,-115.69,28.4,11.41
292,karpinsk,RU,1586640984,100,82,59.77,60.01,34.48,5.66
474,torbat-e jam,IR,1586641000,100,60,35.24,60.62,62.08,5.82
387,half moon bay,US,1586640992,90,87,37.46,-122.43,69.01,5.82
277,aklavik,CA,1586640654,20,57,68.22,-135.01,19.4,9.17
470,nouakchott,MR,1586641000,0,50,18.09,-15.98,76.82,17.2
27,varkkallai,IN,1586640963,20,78,8.73,76.71,82.4,3.36
313,bambous virieux,MU,1586640684,40,83,-20.34,57.76,77.0,11.41
275,mega,ET,1586640982,1,50,4.05,38.3,64.13,9.44
358,woodward,US,1586640972,40,16,36.43,-99.39,86.0,12.75
427,erenhot,CN,1586640996,0,37,43.65,111.98,39.47,6.73
12,busselton,AU,1586640655,96,68,-33.65,115.33,71.01,8.14
472,borovichi,RU,1586641000,28,95,58.39,33.92,30.25,4.36
398,ciudad bolivar,VE,1586640993,100,21,8.12,-63.55,99.99,13.15
84,carnarvon,AU,1586640672,14,100,-24.87,113.63,75.2,9.17
154,buraydah,SA,1586640699,0,35,26.33,43.98,69.8,10.29
5,hofn,IS,1586640697,92,79,64.25,-15.21,37.26,20.11
317,trincomalee,LK,1586640987,2,80,8.57,81.23,80.56,4.61
125,solano,US,1586640836,1,63,38.23,-121.95,68.0,21.92
385,sur,OM,1586640992,63,67,22.57,59.53,78.96,13.2
138,pompeia,BR,1586640971,46,64,-22.11,-50.17,71.22,5.1
392,mezen,RU,1586640993,15,96,65.85,44.24,17.87,4.45
463,malanje,AO,1586640999,92,70,-9.54,16.34,65.53,2.66
491,caldas da rainha,PT,1586640856,75,87,39.4,-9.14,57.99,4.7
289,vila velha,BR,1586640943,90,88,-20.33,-40.29,75.99,6.93
210,southport,GB,1586640977,0,93,53.65,-3.01,54.0,3.36
264,grand gaube,MU,1586640685,40,83,-20.01,57.66,77.0,11.41
173,dhidhdhoo,MV,1586640747,28,65,6.88,73.1,85.68,7.02
429,jadu,LY,1586640996,0,41,31.95,12.03,59.47,7.05
502,gualeguay,AR,1586641002,75,78,-33.14,-59.31,75.2,9.17
175,menongue,AO,1586640975,68,64,-14.66,17.69,63.03,3.67
514,okha,RU,1586640658,44,96,53.57,142.95,27.88,12.26
536,byron bay,AU,1586640668,0,87,-28.65,153.62,69.01,2.24
282,chabahar,IR,1586640983,93,74,25.29,60.64,78.19,6.4
316,bestobe,KZ,1586640676,89,56,52.5,73.1,44.17,8.93
243,inuvik,CA,1586640658,5,48,68.35,-133.72,19.4,8.05
526,riohacha,CO,1586640602,40,70,11.54,-72.91,87.8,11.41
218,kalabo,ZM,1586640978,98,65,-14.97,22.68,66.92,3.83
130,clyde river,CA,1586640674,75,78,70.47,-68.59,8.6,12.75
417,flin flon,CA,1586640996,75,44,54.77,-101.86,21.2,12.75
16,mahebourg,MU,1586640653,40,83,-20.41,57.7,77.0,11.41
353,arlit,NE,1586640669,7,12,18.74,7.39,86.47,4.12
169,hazleton,US,1586640975,1,29,40.96,-75.97,55.99,10.29
438,khandyga,RU,1586640681,100,97,62.67,135.6,25.45,5.55
544,bilibino,RU,1586640675,92,90,68.05,166.44,10.0,1.25
450,atasu,KZ,1586640998,82,52,48.68,71.64,42.3,9.19
443,gat,IL,1586640998,16,82,31.61,34.76,57.2,3.36
250,taoudenni,ML,1586640674,0,11,22.68,-3.98,89.58,4.83
368,samana,DO,1586640990,20,74,19.21,-69.34,86.0,9.17
439,northam,GB,1586640997,0,82,51.03,-4.22,57.99,3.0
531,ust-shonosha,RU,1586641005,1,94,61.15,41.34,23.07,2.24
359,sungaipenuh,ID,1586640990,99,73,-2.08,101.38,66.94,0.67
13,hobart,AU,1586640659,75,62,-42.88,147.33,51.8,9.17
428,vilyuysk,RU,1586640996,99,97,63.76,121.62,29.97,9.78
248,adrar,MR,1586640543,0,12,20.5,-10.07,85.59,10.56
11,clovis,US,1586640961,75,52,36.83,-119.7,72.0,3.13
113,santa isabel do rio negro,BR,1586640703,100,94,-0.41,-65.02,75.15,4.68
394,pingyi,CN,1586640993,0,58,35.5,117.63,42.49,5.06
134,mandera,KE,1586640971,35,11,3.94,41.87,82.0,3.0
367,eureka,US,1586640783,90,76,40.8,-124.16,59.0,10.29
369,predivinsk,RU,1586640991,0,90,57.07,93.44,31.26,1.99
223,flinders,AU,1586640683,0,57,-34.58,150.86,55.0,12.75
75,saint george,US,1586640653,1,34,37.1,-113.58,66.2,14.99
46,new norfolk,AU,1586640654,75,62,-42.78,147.06,51.8,9.17
63,puerto ayora,EC,1586640675,40,70,-0.74,-90.35,84.2,6.93
200,patacamaya,BO,1586640977,0,7,-17.23,-67.92,60.75,9.33
237,roma,US,1586640544,20,38,43.21,-75.46,46.4,19.46
360,mariinskiy posad,RU,1586640990,90,93,56.12,47.72,32.0,11.18
159,kabale,UG,1586640974,100,55,-1.25,29.99,59.07,2.89
396,labuhan,ID,1586640667,57,85,-6.88,112.21,76.96,3.91
135,hasaki,JP,1586640682,75,93,35.73,140.83,46.4,9.17
445,xuddur,SO,1586640998,21,66,4.12,43.89,77.9,15.37
460,nortelandia,BR,1586640999,12,76,-14.45,-56.8,79.27,2.33
541,chunskiy,RU,1586641006,0,94,56.08,99.63,27.9,1.21
395,richards bay,ZA,1586640701,77,78,-28.78,32.04,72.9,15.77
71,qom,IR,1586640768,0,35,34.64,50.88,58.32,11.56
196,ingham,US,1586640976,20,35,42.6,-84.38,57.99,13.87
550,klaksvik,FO,1586640674,100,93,62.23,-6.59,44.6,17.22
383,saint-louis,SN,1586640992,76,20,16.33,-15.0,95.0,2.24
269,quatre cocos,MU,1586640652,40,83,-20.21,57.76,77.0,11.41
193,cidreira,BR,1586640678,4,67,-30.18,-50.21,67.53,7.14
228,port harcourt,NG,1586640979,100,87,4.78,7.01,77.7,3.78
167,cabo san lucas,MX,1586640728,75,52,22.89,-109.91,79.0,25.28
479,haripur,PK,1586641000,99,77,34.0,72.93,69.01,8.05
212,afonso bezerra,BR,1586640978,77,63,-5.5,-36.51,83.93,11.41
115,mahibadhoo,MV,1586640970,8,68,3.78,72.97,83.79,2.48
512,alferrarede,PT,1586641004,0,87,39.48,-8.17,57.99,5.23
133,kati,ML,1586640971,80,34,12.74,-8.07,86.85,4.7
83,panay,PH,1586640967,19,72,6.5,124.64,73.02,1.03
109,faanui,PF,1586640698,56,77,-16.48,-151.75,82.6,12.66
229,cocentaina,ES,1586640979,100,63,38.74,-0.44,63.0,10.29
499,orshanka,RU,1586641002,100,91,56.92,47.89,34.54,10.25
45,vestmanna,FO,1586640675,100,93,62.16,-7.17,44.6,17.22
497,vardo,NO,1586640703,61,89,70.37,31.11,27.61,4.99
73,lebu,CL,1586640652,0,55,-37.62,-73.65,57.85,16.91
294,ancud,CL,1586640693,20,62,-41.87,-73.82,53.6,5.82
400,bambari,CF,1586640993,100,79,5.77,20.68,74.46,4.38
303,bolshaya sosnova,RU,1586640985,100,75,57.67,54.6,39.13,7.94
459,zwedru,LR,1586640999,93,88,6.07,-8.13,75.42,2.91
416,rizhao,CN,1586640962,0,55,35.43,119.46,45.46,4.7
504,nishihara,JP,1586641003,90,83,26.18,127.76,69.8,11.41
126,rondonopolis,BR,1586640971,0,77,-16.47,-54.64,80.78,1.36
431,port hedland,AU,1586640997,0,78,-20.32,118.57,73.4,6.93
100,mason city,US,1586640754,20,36,43.15,-93.2,63.0,12.75
529,vila,PT,1586640681,96,93,42.03,-8.16,55.99,3.36
378,avesta,SE,1586640991,100,93,60.15,16.17,44.6,5.82
409,port lincoln,AU,1586640668,81,64,-34.73,135.87,56.75,7.05
198,jiayuguan,CN,1586640977,100,24,39.82,98.3,42.48,1.72
270,saint-joseph,RE,1586640681,29,73,-21.37,55.62,73.4,5.82
421,hobyo,SO,1586640996,0,70,5.35,48.53,83.07,14.12
373,alihe,CN,1586640991,0,60,50.57,123.72,38.34,3.4
330,fort nelson,CA,1586640988,40,27,58.81,-122.7,35.6,11.41
546,ishigaki,JP,1586641006,75,93,24.34,124.16,66.2,11.41
338,san luis,AR,1586640988,100,33,-33.3,-66.34,72.77,7.63
533,uusikaupunki,FI,1586641005,100,74,60.8,21.41,33.8,3.36
129,sao filipe,CV,1586640699,86,73,14.9,-24.5,75.61,12.48
174,los llanos de aridane,ES,1586640975,75,77,28.66,-17.92,68.0,11.41
188,severo-kurilsk,RU,1586640686,63,93,50.68,156.12,29.23,8.57
433,haverfordwest,GB,1586640997,0,87,51.8,-4.97,57.0,5.82
86,pavlohrad,UA,1586640899,63,56,48.52,35.87,41.0,8.95
43,castro,BR,1586640673,13,66,-24.79,-50.01,60.94,2.33
191,sitka,US,1586640687,20,42,57.05,-135.33,48.2,5.82
82,coihaique,CL,1586640607,40,57,-45.58,-72.07,50.0,8.05
183,airai,TL,1586640674,98,72,-8.93,125.41,60.13,1.01
93,kruisfontein,ZA,1586640689,89,54,-34.0,24.73,62.08,2.26
155,athabasca,CA,1586640764,99,79,54.72,-113.29,27.46,14.29
202,yasnyy,RU,1586640977,57,65,51.03,59.87,38.66,6.71
153,surt,LY,1586640973,4,56,31.21,16.59,60.96,12.66
312,samarinda,ID,1586640986,100,96,-0.5,117.15,73.62,2.21
220,nalut,LY,1586640706,2,24,30.33,10.85,68.76,18.1
364,kondinskoye,RU,1586640990,35,90,59.65,67.41,33.58,6.85
170,tuktoyaktuk,CA,1586640671,20,84,69.45,-133.04,3.2,6.93
485,chake chake,TZ,1586641001,100,79,-5.25,39.77,82.45,10.8
469,bundaberg,AU,1586641000,45,72,-24.85,152.35,68.0,6.26
471,victoria,HK,1586640686,20,72,22.29,114.16,66.2,16.11
347,vitim,RU,1586640989,74,95,59.45,112.56,26.31,3.18
374,cachoeiras de macacu,BR,1586640991,75,100,-22.46,-42.65,69.8,4.7
117,dikson,RU,1586640685,100,96,73.51,80.55,14.29,10.11
467,burns lake,CA,1586640999,27,44,54.23,-125.75,42.28,2.19
213,port macquarie,AU,1586640978,0,50,-31.43,152.92,57.2,5.82
241,shimanovsk,RU,1586640980,0,83,52.0,127.7,36.09,6.53
105,santiago del estero,AR,1586640969,0,42,-27.8,-64.26,77.9,9.19
112,teguldet,RU,1586640970,0,95,57.31,88.17,29.98,4.36
363,lasa,IT,1586640690,5,70,46.62,10.7,60.8,4.7
102,kaeo,NZ,1586640682,73,87,-35.1,173.78,64.0,5.01
507,muroto,JP,1586641003,100,79,33.28,134.15,52.63,14.12
177,araouane,ML,1586640975,0,10,18.9,-3.53,88.83,5.86
349,namibe,AO,1586640684,0,61,-15.2,12.15,77.59,3.62
501,carutapera,BR,1586641002,100,86,-1.2,-46.02,81.18,9.6
345,jalu,LY,1586640705,12,29,29.03,21.55,64.24,6.96
265,saskylakh,RU,1586640655,19,90,71.92,114.08,0.82,14.94
516,vatne,NO,1586641004,100,81,62.57,6.65,46.4,14.99
121,angoram,PG,1586640970,98,96,-4.06,144.07,76.14,1.7
466,denizli,TR,1586640999,0,70,37.84,29.07,42.8,6.93
509,kananga,CD,1586641003,99,78,-5.9,22.42,73.0,3.8
461,laukaa,RU,1586640999,7,93,58.74,29.85,31.03,3.47
98,mto wa mbu,TZ,1586640968,56,62,-3.35,35.85,68.9,5.3
249,faya,SA,1586640684,44,55,18.39,42.45,66.2,1.81
195,kupang,ID,1586640587,62,77,-10.17,123.58,80.1,7.78
476,kaniama,CD,1586641000,100,74,-7.57,24.18,69.66,4.0
284,elko,US,1586640983,90,29,41.0,-115.5,62.6,18.34
80,chokurdakh,RU,1586640661,99,98,70.63,147.92,27.21,13.85
537,assai,BR,1586641005,20,50,-23.37,-50.84,78.8,1.7
224,tabou,CI,1586640660,100,81,4.42,-7.35,80.78,4.09
42,svobodnyy,RU,1586640964,0,84,51.4,128.13,37.76,7.83
184,kodiak,US,1586640680,90,75,57.79,-152.41,41.0,16.11
291,goderich,CA,1586640630,1,58,43.75,-81.72,54.0,1.99
335,eyl,SO,1586640988,7,73,7.98,49.82,82.8,11.39
542,kerman,IR,1586641006,100,32,30.28,57.08,68.0,16.11
406,sosnovo-ozerskoye,RU,1586640994,0,45,52.52,111.54,37.06,3.65
535,pervomayskoye,RU,1586641005,83,59,43.92,46.71,51.85,11.77
411,almaznyy,RU,1586640995,28,44,48.04,40.05,39.2,8.95
371,vaitape,PF,1586640991,59,77,-16.52,-151.75,83.44,12.62
161,barrow,US,1586640666,90,84,71.29,-156.79,8.6,11.41
